{
  "finland": {
    "helsinki": {
      "hietaniemi": {
        "1": [
          [
            60.16890619154997,
            24.918097257614136
          ],
          [
            60.16889551754053,
            24.918236732482914
          ],
          [
            60.168732738466424,
            24.918172359466556
          ],
          [
            60.1687434125288,
            24.91804897785187
          ]
        ],
        "2": [
          [
            60.168734873279206,
            24.918172359466556
          ],
          [
            60.168734873279206,
            24.91830110549927
          ],
          [
            60.168457346458865,
            24.918252825737003
          ],
          [
            60.16845200938165,
            24.918107986450195
          ]
        ],
        "3": [
          [
            60.16872953624708,
            24.91883754730225
          ],
          [
            60.16905509362049,
            24.918923377990726
          ],
          [
            60.16904441965939,
            24.91908967494965
          ],
          [
            60.169063099089044,
            24.919154047966003
          ],
          [
            60.16916183304069,
            24.919191598892215
          ],
          [
            60.169172506963655,
            24.919272065162662
          ],
          [
            60.16903641418631,
            24.919733405113224
          ],
          [
            60.16878824355285,
            24.919722676277164
          ],
          [
            60.1687508843704,
            24.919438362121586
          ],
          [
            60.16881492865713,
            24.91929352283478
          ],
          [
            60.16881759716637,
            24.919019937515262
          ],
          [
            60.16874021031047,
            24.919014573097233
          ]
        ]
      }
    }
  }
}
